,File,ID
0,000001.jpg,2880
1,000002.jpg,2937
2,000003.jpg,8692
3,000004.jpg,5805
4,000005.jpg,9295
5,000006.jpg,4153
6,000007.jpg,9040
7,000008.jpg,6369
8,000009.jpg,3332
9,000010.jpg,612
10,000011.jpg,2807
11,000012.jpg,7779
12,000013.jpg,3785
13,000014.jpg,7081
14,000015.jpg,1854
15,000016.jpg,4905
16,000017.jpg,667
17,000018.jpg,2464
18,000019.jpg,2929
19,000020.jpg,2782
20,000021.jpg,181
21,000022.jpg,6642
22,000023.jpg,1
23,000024.jpg,9290
24,000025.jpg,7578
25,000026.jpg,10046
26,000027.jpg,4128
27,000028.jpg,3670
28,000029.jpg,3422
29,000030.jpg,8216
30,000031.jpg,9181
31,000032.jpg,268
32,000033.jpg,7600
33,000034.jpg,1603
34,000035.jpg,5512
35,000036.jpg,3272
36,000037.jpg,8744
37,000038.jpg,4407
38,000039.jpg,6446
39,000040.jpg,2088
40,000041.jpg,1058
41,000042.jpg,5230
42,000043.jpg,5239
43,000044.jpg,2079
44,000045.jpg,4125
45,000046.jpg,6318
46,000047.jpg,9177
47,000048.jpg,4310
48,000049.jpg,6817
49,000050.jpg,1058
50,000051.jpg,1446
51,000052.jpg,3896
52,000053.jpg,9397
53,000054.jpg,8443
54,000055.jpg,4883
55,000056.jpg,545
56,000057.jpg,10144
57,000058.jpg,2879
58,000059.jpg,6204
59,000060.jpg,6880
60,000061.jpg,3316
61,000062.jpg,1499
62,000063.jpg,1539
63,000064.jpg,3629
64,000065.jpg,3046
65,000066.jpg,3792
66,000067.jpg,1175
67,000068.jpg,5300
68,000069.jpg,4627
69,000070.jpg,3403
70,000071.jpg,9289
71,000072.jpg,5604
72,000073.jpg,7880
73,000074.jpg,266
74,000075.jpg,640
75,000076.jpg,184
76,000077.jpg,13
77,000078.jpg,8671
78,000079.jpg,6625
79,000080.jpg,3286
80,000081.jpg,9642
81,000082.jpg,4407
82,000083.jpg,2192
83,000084.jpg,4385
84,000085.jpg,5127
85,000086.jpg,6145
86,000087.jpg,5689
87,000088.jpg,5578
88,000089.jpg,5472
89,000090.jpg,6622
90,000091.jpg,4915
91,000092.jpg,4876
92,000093.jpg,7399
93,000094.jpg,4960
94,000095.jpg,2410
95,000096.jpg,4262
96,000097.jpg,6530
97,000098.jpg,5927
98,000099.jpg,8289
99,000100.jpg,6746
100,000101.jpg,4988
101,000102.jpg,7191
102,000103.jpg,273
103,000104.jpg,4323
104,000105.jpg,1946
105,000106.jpg,5794
106,000107.jpg,8833
107,000108.jpg,4929
108,000109.jpg,3325
109,000110.jpg,4731
110,000111.jpg,9474
111,000112.jpg,5950
112,000113.jpg,821
113,000114.jpg,7256
114,000115.jpg,6802
115,000116.jpg,4887
116,000117.jpg,2678
117,000118.jpg,6938
118,000119.jpg,9605
119,000120.jpg,4500
120,000121.jpg,3705
121,000122.jpg,999
122,000123.jpg,6892
123,000124.jpg,7541
124,000125.jpg,4225
125,000126.jpg,206
126,000127.jpg,7018
127,000128.jpg,4963
128,000129.jpg,59
129,000130.jpg,167
130,000131.jpg,7222
131,000132.jpg,5173
132,000133.jpg,6679
133,000134.jpg,5609
134,000135.jpg,2522
135,000136.jpg,8593
136,000137.jpg,3602
137,000138.jpg,1278
138,000139.jpg,5026
139,000140.jpg,5151
140,000141.jpg,4152
141,000142.jpg,7624
142,000143.jpg,5787
143,000144.jpg,5777
144,000145.jpg,8776
145,000146.jpg,7147
146,000147.jpg,3485
147,000148.jpg,5626
148,000149.jpg,7284
149,000150.jpg,6568
150,000151.jpg,860
151,000152.jpg,4223
152,000153.jpg,4099
153,000154.jpg,6565
154,000155.jpg,800
155,000156.jpg,4269
156,000157.jpg,5311
157,000158.jpg,8766
158,000159.jpg,2408
159,000160.jpg,1435
160,000161.jpg,6282
161,000162.jpg,3055
162,000163.jpg,1145
163,000164.jpg,9490
164,000165.jpg,260
165,000166.jpg,4328
166,000167.jpg,3170
167,000168.jpg,2463
168,000169.jpg,1028
169,000170.jpg,2439
170,000171.jpg,78
171,000172.jpg,6844
172,000173.jpg,7078
173,000174.jpg,5189
174,000175.jpg,4422
175,000176.jpg,7434
176,000177.jpg,9341
177,000178.jpg,3798
178,000179.jpg,4258
179,000180.jpg,7367
180,000181.jpg,2219
181,000182.jpg,9476
182,000183.jpg,1472
183,000184.jpg,9304
184,000185.jpg,5815
185,000186.jpg,4979
186,000187.jpg,2146
187,000188.jpg,142
188,000189.jpg,603
189,000190.jpg,5246
190,000191.jpg,1111
191,000192.jpg,8198
192,000193.jpg,2680
193,000194.jpg,9352
194,000195.jpg,3376
195,000196.jpg,5564
196,000197.jpg,2717
197,000198.jpg,693
198,000199.jpg,1300
199,000200.jpg,4945
200,000201.jpg,3298
201,000202.jpg,8298
202,000203.jpg,1322
203,000204.jpg,6819
204,000205.jpg,4811
205,000206.jpg,3537
206,000207.jpg,7410
207,000208.jpg,846
208,000209.jpg,2650
209,000210.jpg,3602
210,000211.jpg,1817
211,000212.jpg,6718
212,000213.jpg,8587
213,000214.jpg,6376
214,000215.jpg,4503
215,000216.jpg,4664
216,000217.jpg,1976
217,000218.jpg,6465
218,000219.jpg,1364
219,000220.jpg,4288
220,000221.jpg,4810
221,000222.jpg,578
222,000223.jpg,6174
223,000224.jpg,1735
224,000225.jpg,449
225,000226.jpg,1739
226,000227.jpg,9449
227,000228.jpg,3422
228,000229.jpg,2766
229,000230.jpg,1643
230,000231.jpg,614
231,000232.jpg,3986
232,000233.jpg,4642
233,000234.jpg,8061
234,000235.jpg,4231
235,000236.jpg,2292
236,000237.jpg,7524
237,000238.jpg,4561
238,000239.jpg,3808
239,000240.jpg,4984
240,000241.jpg,290
241,000242.jpg,226
242,000243.jpg,9740
243,000244.jpg,9455
244,000245.jpg,4686
245,000246.jpg,509
246,000247.jpg,5680
247,000248.jpg,6243
248,000249.jpg,7071
249,000250.jpg,9450
250,000251.jpg,9213
251,000252.jpg,4960
252,000253.jpg,608
253,000254.jpg,6936
254,000255.jpg,1634
255,000256.jpg,2175
256,000257.jpg,2018
257,000258.jpg,5489
258,000259.jpg,3032
259,000260.jpg,1156
260,000261.jpg,1204
261,000262.jpg,6235
262,000263.jpg,3118
263,000264.jpg,6765
264,000265.jpg,2645
265,000266.jpg,1682
266,000267.jpg,6440
267,000268.jpg,3144
268,000269.jpg,6636
269,000270.jpg,6961
270,000271.jpg,6330
271,000272.jpg,6067
272,000273.jpg,2136
273,000274.jpg,4211
274,000275.jpg,8269
275,000276.jpg,9955
276,000277.jpg,7359
277,000278.jpg,2161
278,000279.jpg,5978
279,000280.jpg,7434
280,000281.jpg,9027
281,000282.jpg,2764
282,000283.jpg,1269
283,000284.jpg,9876
284,000285.jpg,6394
285,000286.jpg,3449
286,000287.jpg,323
287,000288.jpg,3804
288,000289.jpg,2150
289,000290.jpg,2630
290,000291.jpg,4960
291,000292.jpg,290
292,000293.jpg,3175
293,000294.jpg,2522
294,000295.jpg,1107
295,000296.jpg,8959
296,000297.jpg,8582
297,000298.jpg,8441
298,000299.jpg,8138
299,000300.jpg,1007
300,000301.jpg,4644
301,000302.jpg,3860
302,000303.jpg,2249
303,000304.jpg,7922
304,000305.jpg,9703
305,000306.jpg,7405
306,000307.jpg,2049
307,000308.jpg,8939
308,000309.jpg,5586
309,000310.jpg,3450
310,000311.jpg,933
311,000312.jpg,128
312,000313.jpg,1093
313,000314.jpg,430
314,000315.jpg,969
315,000316.jpg,6980
316,000317.jpg,1371
317,000318.jpg,167
318,000319.jpg,9701
319,000320.jpg,4605
320,000321.jpg,9767
321,000322.jpg,8514
322,000323.jpg,3875
323,000324.jpg,5870
324,000325.jpg,1535
325,000326.jpg,2239
326,000327.jpg,8198
327,000328.jpg,6351
328,000329.jpg,2030
329,000330.jpg,7564
330,000331.jpg,8469
331,000332.jpg,9000
332,000333.jpg,4819
333,000334.jpg,690
334,000335.jpg,6410
335,000336.jpg,1024
336,000337.jpg,611
337,000338.jpg,10020
338,000339.jpg,769
339,000340.jpg,3936
340,000341.jpg,803
341,000342.jpg,7177
342,000343.jpg,2134
343,000344.jpg,975
344,000345.jpg,1515
345,000346.jpg,2386
346,000347.jpg,7539
347,000348.jpg,2965
348,000349.jpg,8816
349,000350.jpg,1250
350,000351.jpg,10010
351,000352.jpg,2753
352,000353.jpg,7183
353,000354.jpg,5611
354,000355.jpg,7115
355,000356.jpg,7798
356,000357.jpg,654
357,000358.jpg,5649
358,000359.jpg,990
359,000360.jpg,2513
360,000361.jpg,9886
361,000362.jpg,3060
362,000363.jpg,951
363,000364.jpg,1213
364,000365.jpg,2026
365,000366.jpg,7115
366,000367.jpg,2713
367,000368.jpg,3256
368,000369.jpg,6712
369,000370.jpg,3655
370,000371.jpg,879
371,000372.jpg,4150
372,000373.jpg,4438
373,000374.jpg,3173
374,000375.jpg,3034
375,000376.jpg,2297
376,000377.jpg,6476
377,000378.jpg,7188
378,000379.jpg,6616
379,000380.jpg,4496
380,000381.jpg,6023
381,000382.jpg,10110
382,000383.jpg,7528
383,000384.jpg,310
384,000385.jpg,1456
385,000386.jpg,6013
386,000387.jpg,5127
387,000388.jpg,5406
388,000389.jpg,8192
389,000390.jpg,8741
390,000391.jpg,587
391,000392.jpg,5784
392,000393.jpg,9978
393,000394.jpg,102
394,000395.jpg,879
395,000396.jpg,4284
396,000397.jpg,7019
397,000398.jpg,2934
398,000399.jpg,9159
399,000400.jpg,1457
400,000401.jpg,535
401,000402.jpg,4225
402,000403.jpg,1533
403,000404.jpg,2880
404,000405.jpg,9370
405,000406.jpg,7556
406,000407.jpg,6353
407,000408.jpg,3203
408,000409.jpg,8226
409,000410.jpg,5926
410,000411.jpg,1387
411,000412.jpg,147
412,000413.jpg,4400
413,000414.jpg,2606
414,000415.jpg,3023
415,000416.jpg,3501
416,000417.jpg,9672
417,000418.jpg,3401
418,000419.jpg,4295
419,000420.jpg,6858
420,000421.jpg,2953
421,000422.jpg,3737
422,000423.jpg,4579
423,000424.jpg,5193
424,000425.jpg,2081
425,000426.jpg,7133
426,000427.jpg,6767
427,000428.jpg,3544
428,000429.jpg,1035
429,000430.jpg,155
430,000431.jpg,5329
431,000432.jpg,1362
432,000433.jpg,8438
433,000434.jpg,3625
434,000435.jpg,10162
435,000436.jpg,3029
436,000437.jpg,3379
437,000438.jpg,1345
438,000439.jpg,9745
439,000440.jpg,7919
440,000441.jpg,8398
441,000442.jpg,2063
442,000443.jpg,769
443,000444.jpg,6792
444,000445.jpg,5176
445,000446.jpg,4565
446,000447.jpg,9123
447,000448.jpg,6450
448,000449.jpg,8178
449,000450.jpg,1057
450,000451.jpg,1148
451,000452.jpg,8142
452,000453.jpg,4080
453,000454.jpg,7091
454,000455.jpg,8196
455,000456.jpg,5
456,000457.jpg,7346
457,000458.jpg,1002
458,000459.jpg,2706
459,000460.jpg,3240
460,000461.jpg,7385
461,000462.jpg,6826
462,000463.jpg,10130
463,000464.jpg,3027
464,000465.jpg,7593
465,000466.jpg,8271
466,000467.jpg,497
467,000468.jpg,9192
468,000469.jpg,4991
469,000470.jpg,1309
470,000471.jpg,384
471,000472.jpg,6361
472,000473.jpg,9519
473,000474.jpg,3958
474,000475.jpg,8916
475,000476.jpg,7011
476,000477.jpg,10168
477,000478.jpg,4876
478,000479.jpg,9047
479,000480.jpg,5177
480,000481.jpg,22
481,000482.jpg,2755
482,000483.jpg,7795
483,000484.jpg,6618
484,000485.jpg,1723
485,000486.jpg,7391
486,000487.jpg,1819
487,000488.jpg,1984
488,000489.jpg,8532
489,000490.jpg,8820
490,000491.jpg,7007
491,000492.jpg,33
492,000493.jpg,5236
493,000494.jpg,5795
494,000495.jpg,4449
495,000496.jpg,1685
496,000497.jpg,7503
497,000498.jpg,165
498,000499.jpg,3670
499,000500.jpg,4289
500,000501.jpg,7279
501,000502.jpg,8365
502,000503.jpg,9712
503,000504.jpg,2857
504,000505.jpg,7000
505,000506.jpg,4446
506,000507.jpg,8800
507,000508.jpg,3356
508,000509.jpg,8530
509,000510.jpg,1396
510,000511.jpg,6212
511,000512.jpg,9390
512,000513.jpg,7523
513,000514.jpg,6458
514,000515.jpg,2997
515,000516.jpg,2896
516,000517.jpg,9108
517,000518.jpg,4374
518,000519.jpg,731
519,000520.jpg,4633
520,000521.jpg,8237
521,000522.jpg,412
522,000523.jpg,1388
523,000524.jpg,1997
524,000525.jpg,3045
525,000526.jpg,9897
526,000527.jpg,6280
527,000528.jpg,3748
528,000529.jpg,3272
529,000530.jpg,2156
530,000531.jpg,6621
531,000532.jpg,888
532,000533.jpg,10069
533,000534.jpg,6803
534,000535.jpg,1452
535,000536.jpg,2930
536,000537.jpg,2129
537,000538.jpg,10029
538,000539.jpg,5548
539,000540.jpg,10015
540,000541.jpg,2818
541,000542.jpg,6791
542,000543.jpg,4947
543,000544.jpg,7995
544,000545.jpg,8346
545,000546.jpg,1250
546,000547.jpg,9544
547,000548.jpg,5147
548,000549.jpg,5046
549,000550.jpg,7915
550,000551.jpg,10163
551,000552.jpg,6805
552,000553.jpg,8539
553,000554.jpg,9252
554,000555.jpg,7936
555,000556.jpg,7866
556,000557.jpg,658
557,000558.jpg,6881
558,000559.jpg,8802
559,000560.jpg,1475
560,000561.jpg,4340
561,000562.jpg,2097
562,000563.jpg,8087
563,000564.jpg,8469
564,000565.jpg,7210
565,000566.jpg,311
566,000567.jpg,87
567,000568.jpg,3488
568,000569.jpg,1424
569,000570.jpg,5359
570,000571.jpg,4085
571,000572.jpg,924
572,000573.jpg,3258
573,000574.jpg,2432
574,000575.jpg,1253
575,000576.jpg,2642
576,000577.jpg,7642
577,000578.jpg,9805
578,000579.jpg,302
579,000580.jpg,2897
580,000581.jpg,8079
581,000582.jpg,4873
582,000583.jpg,898
583,000584.jpg,8474
584,000585.jpg,6792
585,000586.jpg,8666
586,000587.jpg,4332
587,000588.jpg,3129
588,000589.jpg,1725
589,000590.jpg,7556
590,000591.jpg,9448
591,000592.jpg,4411
592,000593.jpg,2747
593,000594.jpg,7009
594,000595.jpg,9722
595,000596.jpg,8364
596,000597.jpg,5597
597,000598.jpg,6191
598,000599.jpg,6691
599,000600.jpg,4664
600,000601.jpg,5200
601,000602.jpg,998
602,000603.jpg,4395
603,000604.jpg,4785
604,000605.jpg,32
605,000606.jpg,9808
606,000607.jpg,5910
607,000608.jpg,8213
608,000609.jpg,10042
609,000610.jpg,9703
610,000611.jpg,5903
611,000612.jpg,2193
612,000613.jpg,8833
613,000614.jpg,3055
614,000615.jpg,6461
615,000616.jpg,1531
616,000617.jpg,9074
617,000618.jpg,3431
618,000619.jpg,8743
619,000620.jpg,4090
620,000621.jpg,8959
621,000622.jpg,6546
622,000623.jpg,2978
623,000624.jpg,1173
624,000625.jpg,7498
625,000626.jpg,3863
626,000627.jpg,1811
627,000628.jpg,3175
628,000629.jpg,4342
629,000630.jpg,5114
630,000631.jpg,5235
631,000632.jpg,8485
632,000633.jpg,9577
633,000634.jpg,8443
634,000635.jpg,1015
635,000636.jpg,4717
636,000637.jpg,7949
637,000638.jpg,6238
638,000639.jpg,7524
639,000640.jpg,3239
640,000641.jpg,3473
641,000642.jpg,3058
642,000643.jpg,5530
643,000644.jpg,4728
644,000645.jpg,5415
645,000646.jpg,4438
646,000647.jpg,5548
647,000648.jpg,1565
648,000649.jpg,5341
649,000650.jpg,2948
650,000651.jpg,6718
651,000652.jpg,7017
652,000653.jpg,10029
653,000654.jpg,7318
654,000655.jpg,2323
655,000656.jpg,3279
656,000657.jpg,3942
657,000658.jpg,2688
658,000659.jpg,8603
659,000660.jpg,4952
660,000661.jpg,8419
661,000662.jpg,6096
662,000663.jpg,2608
663,000664.jpg,334
664,000665.jpg,3148
665,000666.jpg,128
666,000667.jpg,7646
667,000668.jpg,9023
668,000669.jpg,3436
669,000670.jpg,4951
670,000671.jpg,7931
671,000672.jpg,3439
672,000673.jpg,2611
673,000674.jpg,7180
674,000675.jpg,3149
675,000676.jpg,3407
676,000677.jpg,4774
677,000678.jpg,7386
678,000679.jpg,5188
679,000680.jpg,3475
680,000681.jpg,2275
681,000682.jpg,3981
682,000683.jpg,6357
683,000684.jpg,9506
684,000685.jpg,8208
685,000686.jpg,1896
686,000687.jpg,7769
687,000688.jpg,6750
688,000689.jpg,4947
689,000690.jpg,1862
690,000691.jpg,675
691,000692.jpg,9791
692,000693.jpg,5374
693,000694.jpg,1885
694,000695.jpg,9035
695,000696.jpg,8211
696,000697.jpg,5407
697,000698.jpg,10095
698,000699.jpg,396
699,000700.jpg,4202
700,000701.jpg,682
701,000702.jpg,614
702,000703.jpg,9730
703,000704.jpg,7575
704,000705.jpg,1253
705,000706.jpg,1083
706,000707.jpg,5702
707,000708.jpg,517
708,000709.jpg,7870
709,000710.jpg,4223
710,000711.jpg,7356
711,000712.jpg,9948
712,000713.jpg,6413
713,000714.jpg,4171
714,000715.jpg,6461
715,000716.jpg,7078
716,000717.jpg,6286
717,000718.jpg,2238
718,000719.jpg,1496
719,000720.jpg,9045
720,000721.jpg,397
721,000722.jpg,5179
722,000723.jpg,6546
723,000724.jpg,7265
724,000725.jpg,8882
725,000726.jpg,3212
726,000727.jpg,7479
727,000728.jpg,4133
728,000729.jpg,5606
729,000730.jpg,4122
730,000731.jpg,7181
731,000732.jpg,760
732,000733.jpg,9516
733,000734.jpg,1960
734,000735.jpg,5372
735,000736.jpg,9130
736,000737.jpg,240
737,000738.jpg,7897
738,000739.jpg,7633
739,000740.jpg,6327
740,000741.jpg,2887
741,000742.jpg,5767
742,000743.jpg,8503
743,000744.jpg,4306
744,000745.jpg,6772
745,000746.jpg,1566
746,000747.jpg,2518
747,000748.jpg,3920
748,000749.jpg,1050
749,000750.jpg,5653
750,000751.jpg,5310
751,000752.jpg,2524
752,000753.jpg,9847
753,000754.jpg,3590
754,000755.jpg,180
755,000756.jpg,6079
756,000757.jpg,1062
757,000758.jpg,4694
758,000759.jpg,9184
759,000760.jpg,1756
760,000761.jpg,656
761,000762.jpg,3636
762,000763.jpg,7126
763,000764.jpg,3195
764,000765.jpg,107
765,000766.jpg,150
766,000767.jpg,6455
767,000768.jpg,8418
768,000769.jpg,815
769,000770.jpg,1620
770,000771.jpg,4387
771,000772.jpg,7227
772,000773.jpg,4334
773,000774.jpg,1156
774,000775.jpg,2580
775,000776.jpg,8313
776,000777.jpg,8905
777,000778.jpg,8597
778,000779.jpg,7733
779,000780.jpg,4923
780,000781.jpg,8946
781,000782.jpg,7515
782,000783.jpg,102
783,000784.jpg,3272
784,000785.jpg,2630
785,000786.jpg,10171
786,000787.jpg,710
787,000788.jpg,4011
788,000789.jpg,8874
789,000790.jpg,9077
790,000791.jpg,8627
791,000792.jpg,586
792,000793.jpg,6620
793,000794.jpg,2615
794,000795.jpg,7294
795,000796.jpg,7540
796,000797.jpg,3504
797,000798.jpg,1175
798,000799.jpg,665
799,000800.jpg,7089
800,000801.jpg,10000
801,000802.jpg,3788
802,000803.jpg,749
803,000804.jpg,3784
804,000805.jpg,5953
805,000806.jpg,6342
806,000807.jpg,1076
807,000808.jpg,1250
808,000809.jpg,9028
809,000810.jpg,7051
810,000811.jpg,7872
811,000812.jpg,658
812,000813.jpg,7896
813,000814.jpg,3357
814,000815.jpg,8249
815,000816.jpg,9389
816,000817.jpg,1686
817,000818.jpg,2584
818,000819.jpg,8722
819,000820.jpg,4457
820,000821.jpg,2245
821,000822.jpg,6164
822,000823.jpg,1620
823,000824.jpg,6162
824,000825.jpg,7256
825,000826.jpg,8236
826,000827.jpg,8724
827,000828.jpg,6951
828,000829.jpg,1272
829,000830.jpg,4166
830,000831.jpg,904
831,000832.jpg,1619
832,000833.jpg,7458
833,000834.jpg,4316
834,000835.jpg,28
835,000836.jpg,3725
836,000837.jpg,5969
837,000838.jpg,4887
838,000839.jpg,9206
839,000840.jpg,5833
840,000841.jpg,4328
841,000842.jpg,4186
842,000843.jpg,201
843,000844.jpg,1943
844,000845.jpg,7846
845,000846.jpg,2797
846,000847.jpg,3675
847,000848.jpg,6682
848,000849.jpg,2250
849,000850.jpg,4687
850,000851.jpg,8053
851,000852.jpg,8567
852,000853.jpg,492
853,000854.jpg,65
854,000855.jpg,3090
855,000856.jpg,2969
856,000857.jpg,2461
857,000858.jpg,6805
858,000859.jpg,9651
859,000860.jpg,3404
860,000861.jpg,6263
861,000862.jpg,9719
862,000863.jpg,5514
863,000864.jpg,5246
864,000865.jpg,3078
865,000866.jpg,8472
866,000867.jpg,1686
867,000868.jpg,10100
868,000869.jpg,3635
869,000870.jpg,8270
870,000871.jpg,5361
871,000872.jpg,5311
872,000873.jpg,5546
873,000874.jpg,5623
874,000875.jpg,7380
875,000876.jpg,7406
876,000877.jpg,475
877,000878.jpg,7094
878,000879.jpg,9059
879,000880.jpg,6949
880,000881.jpg,8058
881,000882.jpg,9614
882,000883.jpg,5932
883,000884.jpg,6853
884,000885.jpg,1423
885,000886.jpg,5384
886,000887.jpg,3654
887,000888.jpg,9805
888,000889.jpg,9989
889,000890.jpg,1137
890,000891.jpg,4742
891,000892.jpg,4400
892,000893.jpg,5181
893,000894.jpg,5314
894,000895.jpg,5706
895,000896.jpg,475
896,000897.jpg,8482
897,000898.jpg,8051
898,000899.jpg,2979
899,000900.jpg,5985
900,000901.jpg,6163
901,000902.jpg,1226
902,000903.jpg,9967
903,000904.jpg,2980
904,000905.jpg,1057
905,000906.jpg,7633
906,000907.jpg,1226
907,000908.jpg,4236
908,000909.jpg,3800
909,000910.jpg,6346
910,000911.jpg,3004
911,000912.jpg,5323
912,000913.jpg,6546
913,000914.jpg,10148
914,000915.jpg,378
915,000916.jpg,3411
916,000917.jpg,7174
917,000918.jpg,408
918,000919.jpg,7124
919,000920.jpg,10171
920,000921.jpg,3339
921,000922.jpg,8365
922,000923.jpg,525
923,000924.jpg,713
924,000925.jpg,2613
925,000926.jpg,7676
926,000927.jpg,8825
927,000928.jpg,3448
928,000929.jpg,7980
929,000930.jpg,8735
930,000931.jpg,1102
931,000932.jpg,67
932,000933.jpg,4412
933,000934.jpg,5961
934,000935.jpg,8142
935,000936.jpg,10080
936,000937.jpg,3765
937,000938.jpg,5641
938,000939.jpg,3840
939,000940.jpg,1368
940,000941.jpg,2688
941,000942.jpg,4268
942,000943.jpg,1116
943,000944.jpg,2586
944,000945.jpg,103
945,000946.jpg,2749
946,000947.jpg,8686
947,000948.jpg,10128
948,000949.jpg,6311
949,000950.jpg,2688
950,000951.jpg,5776
951,000952.jpg,8405
952,000953.jpg,5503
953,000954.jpg,1318
954,000955.jpg,6277
955,000956.jpg,467
956,000957.jpg,7267
957,000958.jpg,3787
958,000959.jpg,2025
959,000960.jpg,4323
960,000961.jpg,1960
961,000962.jpg,7353
962,000963.jpg,8849
963,000964.jpg,2591
964,000965.jpg,1491
965,000966.jpg,6753
966,000967.jpg,1579
967,000968.jpg,8461
968,000969.jpg,4094
969,000970.jpg,4673
970,000971.jpg,3713
971,000972.jpg,4829
972,000973.jpg,8071
973,000974.jpg,2725
974,000975.jpg,9387
975,000976.jpg,1368
976,000977.jpg,9519
977,000978.jpg,8848
978,000979.jpg,6473
979,000980.jpg,1307
980,000981.jpg,698
981,000982.jpg,2472
982,000983.jpg,6899
983,000984.jpg,8876
984,000985.jpg,7452
985,000986.jpg,1886
986,000987.jpg,7474
987,000988.jpg,7386
988,000989.jpg,7211
989,000990.jpg,9084
990,000991.jpg,7211
991,000992.jpg,9927
992,000993.jpg,1938
993,000994.jpg,507
994,000995.jpg,3468
995,000996.jpg,2461
996,000997.jpg,143
997,000998.jpg,6987
998,000999.jpg,3823
999,001000.jpg,3591
